X,Y,Name,AltMode,Base,Field_1,FolderPath,HasLabel,LabelID,Name2,OID,PopupInfo,SymbolID
-151.635609117,70.3224319694027,476,-1,0,476,Temporary Places/Tundra_50random_500m_nonThkst.kmz/Tundra_50random_500m,0,-1,476,151,"&lt;html xmlns:fo=""http://www.w3.org/1999/XSL/Format"" xmlns:msxsl=""urn:schemas-microsoft-com:xslt""&gt;    &lt;head&gt;    &lt;META http-equiv=""Content-Type"" content=""text/html""&gt;    &lt;meta http-equiv=""content-type"" content=""text/html; charset=UTF-8""&gt;    &lt;/head&gt;    &lt;body style=""margin:0px 0px 0px 0px;overflow:auto;background:#FFFFFF;""&gt;    &lt;table style=""font-family:Arial,Verdana,Times;font-size:12px;text-align:left;width:100%;border-collapse:collapse;padding:3px 3px 3px 3px""&gt;    &lt;tr style=""text-align:center;font-weight:bold;background:#9CBCE2""&gt;    &lt;td&gt;476&lt;/td&gt;    &lt;/tr&gt;    &lt;tr&gt;    &lt;td&gt;    &lt;table style=""font-family:Arial,Verdana,Times;font-size:12px;text-align:left;width:100%;border-spacing:0px; padding:3px 3px 3px 3px""&gt;    &lt;tr&gt;    &lt;td&gt;FID&lt;/td&gt;    &lt;td&gt;0&lt;/td&gt;    &lt;/tr&gt;    &lt;tr bgcolor=""#D4E4F3""&gt;    &lt;td&gt;CID&lt;/td&gt;    &lt;td&gt;476&lt;/td&gt;    &lt;/tr&gt;    &lt;/table&gt;    &lt;/td&gt;    &lt;/tr&gt;    &lt;/table&gt;    &lt;/body&gt;&lt;script type=""text/javascript""&gt;    				function changeImage(attElement, nameElement) {    				document.getElementById('imageAttachment').src = attElement;    				document.getElementById('imageName').innerHTML = nameElement;}    			&lt;/script&gt;&lt;/html&gt;",1
-151.878507886,70.2459977104007,699,-1,0,699,Temporary Places/Tundra_50random_500m_nonThkst.kmz/Tundra_50random_500m,0,-1,699,152,"&lt;html xmlns:fo=""http://www.w3.org/1999/XSL/Format"" xmlns:msxsl=""urn:schemas-microsoft-com:xslt""&gt;    &lt;head&gt;    &lt;META http-equiv=""Content-Type"" content=""text/html""&gt;    &lt;meta http-equiv=""content-type"" content=""text/html; charset=UTF-8""&gt;    &lt;/head&gt;    &lt;body style=""margin:0px 0px 0px 0px;overflow:auto;background:#FFFFFF;""&gt;    &lt;table style=""font-family:Arial,Verdana,Times;font-size:12px;text-align:left;width:100%;border-collapse:collapse;padding:3px 3px 3px 3px""&gt;    &lt;tr style=""text-align:center;font-weight:bold;background:#9CBCE2""&gt;    &lt;td&gt;699&lt;/td&gt;    &lt;/tr&gt;    &lt;tr&gt;    &lt;td&gt;    &lt;table style=""font-family:Arial,Verdana,Times;font-size:12px;text-align:left;width:100%;border-spacing:0px; padding:3px 3px 3px 3px""&gt;    &lt;tr&gt;    &lt;td&gt;FID&lt;/td&gt;    &lt;td&gt;1&lt;/td&gt;    &lt;/tr&gt;    &lt;tr bgcolor=""#D4E4F3""&gt;    &lt;td&gt;CID&lt;/td&gt;    &lt;td&gt;699&lt;/td&gt;    &lt;/tr&gt;    &lt;/table&gt;    &lt;/td&gt;    &lt;/tr&gt;    &lt;/table&gt;    &lt;/body&gt;&lt;script type=""text/javascript""&gt;    				function changeImage(attElement, nameElement) {    				document.getElementById('imageAttachment').src = attElement;    				document.getElementById('imageName').innerHTML = nameElement;}    			&lt;/script&gt;&lt;/html&gt;",1
-152.175127538,70.097029039397,3141,-1,0,3141,Temporary Places/Tundra_50random_500m_nonThkst.kmz/Tundra_50random_500m,0,-1,3141,153,"&lt;html xmlns:fo=""http://www.w3.org/1999/XSL/Format"" xmlns:msxsl=""urn:schemas-microsoft-com:xslt""&gt;    &lt;head&gt;    &lt;META http-equiv=""Content-Type"" content=""text/html""&gt;    &lt;meta http-equiv=""content-type"" content=""text/html; charset=UTF-8""&gt;    &lt;/head&gt;    &lt;body style=""margin:0px 0px 0px 0px;overflow:auto;background:#FFFFFF;""&gt;    &lt;table style=""font-family:Arial,Verdana,Times;font-size:12px;text-align:left;width:100%;border-collapse:collapse;padding:3px 3px 3px 3px""&gt;    &lt;tr style=""text-align:center;font-weight:bold;background:#9CBCE2""&gt;    &lt;td&gt;3141&lt;/td&gt;    &lt;/tr&gt;    &lt;tr&gt;    &lt;td&gt;    &lt;table style=""font-family:Arial,Verdana,Times;font-size:12px;text-align:left;width:100%;border-spacing:0px; padding:3px 3px 3px 3px""&gt;    &lt;tr&gt;    &lt;td&gt;FID&lt;/td&gt;    &lt;td&gt;2&lt;/td&gt;    &lt;/tr&gt;    &lt;tr bgcolor=""#D4E4F3""&gt;    &lt;td&gt;CID&lt;/td&gt;    &lt;td&gt;3141&lt;/td&gt;    &lt;/tr&gt;    &lt;/table&gt;    &lt;/td&gt;    &lt;/tr&gt;    &lt;/table&gt;    &lt;/body&gt;&lt;script type=""text/javascript""&gt;    				function changeImage(attElement, nameElement) {    				document.getElementById('imageAttachment').src = attElement;    				document.getElementById('imageName').innerHTML = nameElement;}    			&lt;/script&gt;&lt;/html&gt;",1
-152.461219215,70.0685912053963,3978,-1,0,3978,Temporary Places/Tundra_50random_500m_nonThkst.kmz/Tundra_50random_500m,0,-1,3978,154,"&lt;html xmlns:fo=""http://www.w3.org/1999/XSL/Format"" xmlns:msxsl=""urn:schemas-microsoft-com:xslt""&gt;    &lt;head&gt;    &lt;META http-equiv=""Content-Type"" content=""text/html""&gt;    &lt;meta http-equiv=""content-type"" content=""text/html; charset=UTF-8""&gt;    &lt;/head&gt;    &lt;body style=""margin:0px 0px 0px 0px;overflow:auto;background:#FFFFFF;""&gt;    &lt;table style=""font-family:Arial,Verdana,Times;font-size:12px;text-align:left;width:100%;border-collapse:collapse;padding:3px 3px 3px 3px""&gt;    &lt;tr style=""text-align:center;font-weight:bold;background:#9CBCE2""&gt;    &lt;td&gt;3978&lt;/td&gt;    &lt;/tr&gt;    &lt;tr&gt;    &lt;td&gt;    &lt;table style=""font-family:Arial,Verdana,Times;font-size:12px;text-align:left;width:100%;border-spacing:0px; padding:3px 3px 3px 3px""&gt;    &lt;tr&gt;    &lt;td&gt;FID&lt;/td&gt;    &lt;td&gt;3&lt;/td&gt;    &lt;/tr&gt;    &lt;tr bgcolor=""#D4E4F3""&gt;    &lt;td&gt;CID&lt;/td&gt;    &lt;td&gt;3978&lt;/td&gt;    &lt;/tr&gt;    &lt;/table&gt;    &lt;/td&gt;    &lt;/tr&gt;    &lt;/table&gt;    &lt;/body&gt;&lt;script type=""text/javascript""&gt;    				function changeImage(attElement, nameElement) {    				document.getElementById('imageAttachment').src = attElement;    				document.getElementById('imageName').innerHTML = nameElement;}    			&lt;/script&gt;&lt;/html&gt;",1
-153.495797387,70.764540117414,4172,-1,0,4172,Temporary Places/Tundra_50random_500m_nonThkst.kmz/Tundra_50random_500m,0,-1,4172,155,"&lt;html xmlns:fo=""http://www.w3.org/1999/XSL/Format"" xmlns:msxsl=""urn:schemas-microsoft-com:xslt""&gt;    &lt;head&gt;    &lt;META http-equiv=""Content-Type"" content=""text/html""&gt;    &lt;meta http-equiv=""content-type"" content=""text/html; charset=UTF-8""&gt;    &lt;/head&gt;    &lt;body style=""margin:0px 0px 0px 0px;overflow:auto;background:#FFFFFF;""&gt;    &lt;table style=""font-family:Arial,Verdana,Times;font-size:12px;text-align:left;width:100%;border-collapse:collapse;padding:3px 3px 3px 3px""&gt;    &lt;tr style=""text-align:center;font-weight:bold;background:#9CBCE2""&gt;    &lt;td&gt;4172&lt;/td&gt;    &lt;/tr&gt;    &lt;tr&gt;    &lt;td&gt;    &lt;table style=""font-family:Arial,Verdana,Times;font-size:12px;text-align:left;width:100%;border-spacing:0px; padding:3px 3px 3px 3px""&gt;    &lt;tr&gt;    &lt;td&gt;FID&lt;/td&gt;    &lt;td&gt;4&lt;/td&gt;    &lt;/tr&gt;    &lt;tr bgcolor=""#D4E4F3""&gt;    &lt;td&gt;CID&lt;/td&gt;    &lt;td&gt;4172&lt;/td&gt;    &lt;/tr&gt;    &lt;/table&gt;    &lt;/td&gt;    &lt;/tr&gt;    &lt;/table&gt;    &lt;/body&gt;&lt;script type=""text/javascript""&gt;    				function changeImage(attElement, nameElement) {    				document.getElementById('imageAttachment').src = attElement;    				document.getElementById('imageName').innerHTML = nameElement;}    			&lt;/script&gt;&lt;/html&gt;",1
-152.584022759,70.1725682013989,4186,-1,0,4186,Temporary Places/Tundra_50random_500m_nonThkst.kmz/Tundra_50random_500m,0,-1,4186,156,"&lt;html xmlns:fo=""http://www.w3.org/1999/XSL/Format"" xmlns:msxsl=""urn:schemas-microsoft-com:xslt""&gt;    &lt;head&gt;    &lt;META http-equiv=""Content-Type"" content=""text/html""&gt;    &lt;meta http-equiv=""content-type"" content=""text/html; charset=UTF-8""&gt;    &lt;/head&gt;    &lt;body style=""margin:0px 0px 0px 0px;overflow:auto;background:#FFFFFF;""&gt;    &lt;table style=""font-family:Arial,Verdana,Times;font-size:12px;text-align:left;width:100%;border-collapse:collapse;padding:3px 3px 3px 3px""&gt;    &lt;tr style=""text-align:center;font-weight:bold;background:#9CBCE2""&gt;    &lt;td&gt;4186&lt;/td&gt;    &lt;/tr&gt;    &lt;tr&gt;    &lt;td&gt;    &lt;table style=""font-family:Arial,Verdana,Times;font-size:12px;text-align:left;width:100%;border-spacing:0px; padding:3px 3px 3px 3px""&gt;    &lt;tr&gt;    &lt;td&gt;FID&lt;/td&gt;    &lt;td&gt;5&lt;/td&gt;    &lt;/tr&gt;    &lt;tr bgcolor=""#D4E4F3""&gt;    &lt;td&gt;CID&lt;/td&gt;    &lt;td&gt;4186&lt;/td&gt;    &lt;/tr&gt;    &lt;/table&gt;    &lt;/td&gt;    &lt;/tr&gt;    &lt;/table&gt;    &lt;/body&gt;&lt;script type=""text/javascript""&gt;    				function changeImage(attElement, nameElement) {    				document.getElementById('imageAttachment').src = attElement;    				document.getElementById('imageName').innerHTML = nameElement;}    			&lt;/script&gt;&lt;/html&gt;",1
-153.397694922,70.0267989943952,4631,-1,0,4631,Temporary Places/Tundra_50random_500m_nonThkst.kmz/Tundra_50random_500m,0,-1,4631,157,"&lt;html xmlns:fo=""http://www.w3.org/1999/XSL/Format"" xmlns:msxsl=""urn:schemas-microsoft-com:xslt""&gt;    &lt;head&gt;    &lt;META http-equiv=""Content-Type"" content=""text/html""&gt;    &lt;meta http-equiv=""content-type"" content=""text/html; charset=UTF-8""&gt;    &lt;/head&gt;    &lt;body style=""margin:0px 0px 0px 0px;overflow:auto;background:#FFFFFF;""&gt;    &lt;table style=""font-family:Arial,Verdana,Times;font-size:12px;text-align:left;width:100%;border-collapse:collapse;padding:3px 3px 3px 3px""&gt;    &lt;tr style=""text-align:center;font-weight:bold;background:#9CBCE2""&gt;    &lt;td&gt;4631&lt;/td&gt;    &lt;/tr&gt;    &lt;tr&gt;    &lt;td&gt;    &lt;table style=""font-family:Arial,Verdana,Times;font-size:12px;text-align:left;width:100%;border-spacing:0px; padding:3px 3px 3px 3px""&gt;    &lt;tr&gt;    &lt;td&gt;FID&lt;/td&gt;    &lt;td&gt;6&lt;/td&gt;    &lt;/tr&gt;    &lt;tr bgcolor=""#D4E4F3""&gt;    &lt;td&gt;CID&lt;/td&gt;    &lt;td&gt;4631&lt;/td&gt;    &lt;/tr&gt;    &lt;/table&gt;    &lt;/td&gt;    &lt;/tr&gt;    &lt;/table&gt;    &lt;/body&gt;&lt;script type=""text/javascript""&gt;    				function changeImage(attElement, nameElement) {    				document.getElementById('imageAttachment').src = attElement;    				document.getElementById('imageName').innerHTML = nameElement;}    			&lt;/script&gt;&lt;/html&gt;",1
-153.450320383,70.0999487013971,4944,-1,0,4944,Temporary Places/Tundra_50random_500m_nonThkst.kmz/Tundra_50random_500m,0,-1,4944,158,"&lt;html xmlns:fo=""http://www.w3.org/1999/XSL/Format"" xmlns:msxsl=""urn:schemas-microsoft-com:xslt""&gt;    &lt;head&gt;    &lt;META http-equiv=""Content-Type"" content=""text/html""&gt;    &lt;meta http-equiv=""content-type"" content=""text/html; charset=UTF-8""&gt;    &lt;/head&gt;    &lt;body style=""margin:0px 0px 0px 0px;overflow:auto;background:#FFFFFF;""&gt;    &lt;table style=""font-family:Arial,Verdana,Times;font-size:12px;text-align:left;width:100%;border-collapse:collapse;padding:3px 3px 3px 3px""&gt;    &lt;tr style=""text-align:center;font-weight:bold;background:#9CBCE2""&gt;    &lt;td&gt;4944&lt;/td&gt;    &lt;/tr&gt;    &lt;tr&gt;    &lt;td&gt;    &lt;table style=""font-family:Arial,Verdana,Times;font-size:12px;text-align:left;width:100%;border-spacing:0px; padding:3px 3px 3px 3px""&gt;    &lt;tr&gt;    &lt;td&gt;FID&lt;/td&gt;    &lt;td&gt;7&lt;/td&gt;    &lt;/tr&gt;    &lt;tr bgcolor=""#D4E4F3""&gt;    &lt;td&gt;CID&lt;/td&gt;    &lt;td&gt;4944&lt;/td&gt;    &lt;/tr&gt;    &lt;/table&gt;    &lt;/td&gt;    &lt;/tr&gt;    &lt;/table&gt;    &lt;/body&gt;&lt;script type=""text/javascript""&gt;    				function changeImage(attElement, nameElement) {    				document.getElementById('imageAttachment').src = attElement;    				document.getElementById('imageName').innerHTML = nameElement;}    			&lt;/script&gt;&lt;/html&gt;",1
-152.265137226,69.9074428843922,5198,-1,0,5198,Temporary Places/Tundra_50random_500m_nonThkst.kmz/Tundra_50random_500m,0,-1,5198,159,"&lt;html xmlns:fo=""http://www.w3.org/1999/XSL/Format"" xmlns:msxsl=""urn:schemas-microsoft-com:xslt""&gt;    &lt;head&gt;    &lt;META http-equiv=""Content-Type"" content=""text/html""&gt;    &lt;meta http-equiv=""content-type"" content=""text/html; charset=UTF-8""&gt;    &lt;/head&gt;    &lt;body style=""margin:0px 0px 0px 0px;overflow:auto;background:#FFFFFF;""&gt;    &lt;table style=""font-family:Arial,Verdana,Times;font-size:12px;text-align:left;width:100%;border-collapse:collapse;padding:3px 3px 3px 3px""&gt;    &lt;tr style=""text-align:center;font-weight:bold;background:#9CBCE2""&gt;    &lt;td&gt;5198&lt;/td&gt;    &lt;/tr&gt;    &lt;tr&gt;    &lt;td&gt;    &lt;table style=""font-family:Arial,Verdana,Times;font-size:12px;text-align:left;width:100%;border-spacing:0px; padding:3px 3px 3px 3px""&gt;    &lt;tr&gt;    &lt;td&gt;FID&lt;/td&gt;    &lt;td&gt;8&lt;/td&gt;    &lt;/tr&gt;    &lt;tr bgcolor=""#D4E4F3""&gt;    &lt;td&gt;CID&lt;/td&gt;    &lt;td&gt;5198&lt;/td&gt;    &lt;/tr&gt;    &lt;/table&gt;    &lt;/td&gt;    &lt;/tr&gt;    &lt;/table&gt;    &lt;/body&gt;&lt;script type=""text/javascript""&gt;    				function changeImage(attElement, nameElement) {    				document.getElementById('imageAttachment').src = attElement;    				document.getElementById('imageName').innerHTML = nameElement;}    			&lt;/script&gt;&lt;/html&gt;",1
-152.843828674,69.8533462253908,5356,-1,0,5356,Temporary Places/Tundra_50random_500m_nonThkst.kmz/Tundra_50random_500m,0,-1,5356,160,"&lt;html xmlns:fo=""http://www.w3.org/1999/XSL/Format"" xmlns:msxsl=""urn:schemas-microsoft-com:xslt""&gt;    &lt;head&gt;    &lt;META http-equiv=""Content-Type"" content=""text/html""&gt;    &lt;meta http-equiv=""content-type"" content=""text/html; charset=UTF-8""&gt;    &lt;/head&gt;    &lt;body style=""margin:0px 0px 0px 0px;overflow:auto;background:#FFFFFF;""&gt;    &lt;table style=""font-family:Arial,Verdana,Times;font-size:12px;text-align:left;width:100%;border-collapse:collapse;padding:3px 3px 3px 3px""&gt;    &lt;tr style=""text-align:center;font-weight:bold;background:#9CBCE2""&gt;    &lt;td&gt;5356&lt;/td&gt;    &lt;/tr&gt;    &lt;tr&gt;    &lt;td&gt;    &lt;table style=""font-family:Arial,Verdana,Times;font-size:12px;text-align:left;width:100%;border-spacing:0px; padding:3px 3px 3px 3px""&gt;    &lt;tr&gt;    &lt;td&gt;FID&lt;/td&gt;    &lt;td&gt;9&lt;/td&gt;    &lt;/tr&gt;    &lt;tr bgcolor=""#D4E4F3""&gt;    &lt;td&gt;CID&lt;/td&gt;    &lt;td&gt;5356&lt;/td&gt;    &lt;/tr&gt;    &lt;/table&gt;    &lt;/td&gt;    &lt;/tr&gt;    &lt;/table&gt;    &lt;/body&gt;&lt;script type=""text/javascript""&gt;    				function changeImage(attElement, nameElement) {    				document.getElementById('imageAttachment').src = attElement;    				document.getElementById('imageName').innerHTML = nameElement;}    			&lt;/script&gt;&lt;/html&gt;",1
-153.659651167,69.9279411913927,6142,-1,0,6142,Temporary Places/Tundra_50random_500m_nonThkst.kmz/Tundra_50random_500m,0,-1,6142,161,"&lt;html xmlns:fo=""http://www.w3.org/1999/XSL/Format"" xmlns:msxsl=""urn:schemas-microsoft-com:xslt""&gt;    &lt;head&gt;    &lt;META http-equiv=""Content-Type"" content=""text/html""&gt;    &lt;meta http-equiv=""content-type"" content=""text/html; charset=UTF-8""&gt;    &lt;/head&gt;    &lt;body style=""margin:0px 0px 0px 0px;overflow:auto;background:#FFFFFF;""&gt;    &lt;table style=""font-family:Arial,Verdana,Times;font-size:12px;text-align:left;width:100%;border-collapse:collapse;padding:3px 3px 3px 3px""&gt;    &lt;tr style=""text-align:center;font-weight:bold;background:#9CBCE2""&gt;    &lt;td&gt;6142&lt;/td&gt;    &lt;/tr&gt;    &lt;tr&gt;    &lt;td&gt;    &lt;table style=""font-family:Arial,Verdana,Times;font-size:12px;text-align:left;width:100%;border-spacing:0px; padding:3px 3px 3px 3px""&gt;    &lt;tr&gt;    &lt;td&gt;FID&lt;/td&gt;    &lt;td&gt;10&lt;/td&gt;    &lt;/tr&gt;    &lt;tr bgcolor=""#D4E4F3""&gt;    &lt;td&gt;CID&lt;/td&gt;    &lt;td&gt;6142&lt;/td&gt;    &lt;/tr&gt;    &lt;/table&gt;    &lt;/td&gt;    &lt;/tr&gt;    &lt;/table&gt;    &lt;/body&gt;&lt;script type=""text/javascript""&gt;    				function changeImage(attElement, nameElement) {    				document.getElementById('imageAttachment').src = attElement;    				document.getElementById('imageName').innerHTML = nameElement;}    			&lt;/script&gt;&lt;/html&gt;",1
-153.784077379,69.9758363753939,6151,-1,0,6151,Temporary Places/Tundra_50random_500m_nonThkst.kmz/Tundra_50random_500m,0,-1,6151,162,"&lt;html xmlns:fo=""http://www.w3.org/1999/XSL/Format"" xmlns:msxsl=""urn:schemas-microsoft-com:xslt""&gt;    &lt;head&gt;    &lt;META http-equiv=""Content-Type"" content=""text/html""&gt;    &lt;meta http-equiv=""content-type"" content=""text/html; charset=UTF-8""&gt;    &lt;/head&gt;    &lt;body style=""margin:0px 0px 0px 0px;overflow:auto;background:#FFFFFF;""&gt;    &lt;table style=""font-family:Arial,Verdana,Times;font-size:12px;text-align:left;width:100%;border-collapse:collapse;padding:3px 3px 3px 3px""&gt;    &lt;tr style=""text-align:center;font-weight:bold;background:#9CBCE2""&gt;    &lt;td&gt;6151&lt;/td&gt;    &lt;/tr&gt;    &lt;tr&gt;    &lt;td&gt;    &lt;table style=""font-family:Arial,Verdana,Times;font-size:12px;text-align:left;width:100%;border-spacing:0px; padding:3px 3px 3px 3px""&gt;    &lt;tr&gt;    &lt;td&gt;FID&lt;/td&gt;    &lt;td&gt;11&lt;/td&gt;    &lt;/tr&gt;    &lt;tr bgcolor=""#D4E4F3""&gt;    &lt;td&gt;CID&lt;/td&gt;    &lt;td&gt;6151&lt;/td&gt;    &lt;/tr&gt;    &lt;/table&gt;    &lt;/td&gt;    &lt;/tr&gt;    &lt;/table&gt;    &lt;/body&gt;&lt;script type=""text/javascript""&gt;    				function changeImage(attElement, nameElement) {    				document.getElementById('imageAttachment').src = attElement;    				document.getElementById('imageName').innerHTML = nameElement;}    			&lt;/script&gt;&lt;/html&gt;",1
-154.30576148,70.7801416484144,6238,-1,0,6238,Temporary Places/Tundra_50random_500m_nonThkst.kmz/Tundra_50random_500m,0,-1,6238,163,"&lt;html xmlns:fo=""http://www.w3.org/1999/XSL/Format"" xmlns:msxsl=""urn:schemas-microsoft-com:xslt""&gt;    &lt;head&gt;    &lt;META http-equiv=""Content-Type"" content=""text/html""&gt;    &lt;meta http-equiv=""content-type"" content=""text/html; charset=UTF-8""&gt;    &lt;/head&gt;    &lt;body style=""margin:0px 0px 0px 0px;overflow:auto;background:#FFFFFF;""&gt;    &lt;table style=""font-family:Arial,Verdana,Times;font-size:12px;text-align:left;width:100%;border-collapse:collapse;padding:3px 3px 3px 3px""&gt;    &lt;tr style=""text-align:center;font-weight:bold;background:#9CBCE2""&gt;    &lt;td&gt;6238&lt;/td&gt;    &lt;/tr&gt;    &lt;tr&gt;    &lt;td&gt;    &lt;table style=""font-family:Arial,Verdana,Times;font-size:12px;text-align:left;width:100%;border-spacing:0px; padding:3px 3px 3px 3px""&gt;    &lt;tr&gt;    &lt;td&gt;FID&lt;/td&gt;    &lt;td&gt;12&lt;/td&gt;    &lt;/tr&gt;    &lt;tr bgcolor=""#D4E4F3""&gt;    &lt;td&gt;CID&lt;/td&gt;    &lt;td&gt;6238&lt;/td&gt;    &lt;/tr&gt;    &lt;/table&gt;    &lt;/td&gt;    &lt;/tr&gt;    &lt;/table&gt;    &lt;/body&gt;&lt;script type=""text/javascript""&gt;    				function changeImage(attElement, nameElement) {    				document.getElementById('imageAttachment').src = attElement;    				document.getElementById('imageName').innerHTML = nameElement;}    			&lt;/script&gt;&lt;/html&gt;",1
-156.940210395,71.1008491694227,8198,-1,0,8198,Temporary Places/Tundra_50random_500m_nonThkst.kmz/Tundra_50random_500m,0,-1,8198,164,"&lt;html xmlns:fo=""http://www.w3.org/1999/XSL/Format"" xmlns:msxsl=""urn:schemas-microsoft-com:xslt""&gt;    &lt;head&gt;    &lt;META http-equiv=""Content-Type"" content=""text/html""&gt;    &lt;meta http-equiv=""content-type"" content=""text/html; charset=UTF-8""&gt;    &lt;/head&gt;    &lt;body style=""margin:0px 0px 0px 0px;overflow:auto;background:#FFFFFF;""&gt;    &lt;table style=""font-family:Arial,Verdana,Times;font-size:12px;text-align:left;width:100%;border-collapse:collapse;padding:3px 3px 3px 3px""&gt;    &lt;tr style=""text-align:center;font-weight:bold;background:#9CBCE2""&gt;    &lt;td&gt;8198&lt;/td&gt;    &lt;/tr&gt;    &lt;tr&gt;    &lt;td&gt;    &lt;table style=""font-family:Arial,Verdana,Times;font-size:12px;text-align:left;width:100%;border-spacing:0px; padding:3px 3px 3px 3px""&gt;    &lt;tr&gt;    &lt;td&gt;FID&lt;/td&gt;    &lt;td&gt;13&lt;/td&gt;    &lt;/tr&gt;    &lt;tr bgcolor=""#D4E4F3""&gt;    &lt;td&gt;CID&lt;/td&gt;    &lt;td&gt;8198&lt;/td&gt;    &lt;/tr&gt;    &lt;/table&gt;    &lt;/td&gt;    &lt;/tr&gt;    &lt;/table&gt;    &lt;/body&gt;&lt;script type=""text/javascript""&gt;    				function changeImage(attElement, nameElement) {    				document.getElementById('imageAttachment').src = attElement;    				document.getElementById('imageName').innerHTML = nameElement;}    			&lt;/script&gt;&lt;/html&gt;",1
-157.067336185,67.9770401743451,9161,-1,0,9161,Temporary Places/Tundra_50random_500m_nonThkst.kmz/Tundra_50random_500m,0,-1,9161,165,"&lt;html xmlns:fo=""http://www.w3.org/1999/XSL/Format"" xmlns:msxsl=""urn:schemas-microsoft-com:xslt""&gt;    &lt;head&gt;    &lt;META http-equiv=""Content-Type"" content=""text/html""&gt;    &lt;meta http-equiv=""content-type"" content=""text/html; charset=UTF-8""&gt;    &lt;/head&gt;    &lt;body style=""margin:0px 0px 0px 0px;overflow:auto;background:#FFFFFF;""&gt;    &lt;table style=""font-family:Arial,Verdana,Times;font-size:12px;text-align:left;width:100%;border-collapse:collapse;padding:3px 3px 3px 3px""&gt;    &lt;tr style=""text-align:center;font-weight:bold;background:#9CBCE2""&gt;    &lt;td&gt;9161&lt;/td&gt;    &lt;/tr&gt;    &lt;tr&gt;    &lt;td&gt;    &lt;table style=""font-family:Arial,Verdana,Times;font-size:12px;text-align:left;width:100%;border-spacing:0px; padding:3px 3px 3px 3px""&gt;    &lt;tr&gt;    &lt;td&gt;FID&lt;/td&gt;    &lt;td&gt;14&lt;/td&gt;    &lt;/tr&gt;    &lt;tr bgcolor=""#D4E4F3""&gt;    &lt;td&gt;CID&lt;/td&gt;    &lt;td&gt;9161&lt;/td&gt;    &lt;/tr&gt;    &lt;/table&gt;    &lt;/td&gt;    &lt;/tr&gt;    &lt;/table&gt;    &lt;/body&gt;&lt;script type=""text/javascript""&gt;    				function changeImage(attElement, nameElement) {    				document.getElementById('imageAttachment').src = attElement;    				document.getElementById('imageName').innerHTML = nameElement;}    			&lt;/script&gt;&lt;/html&gt;",1
-160.158633265,67.9661046063448,9339,-1,0,9339,Temporary Places/Tundra_50random_500m_nonThkst.kmz/Tundra_50random_500m,0,-1,9339,166,"&lt;html xmlns:fo=""http://www.w3.org/1999/XSL/Format"" xmlns:msxsl=""urn:schemas-microsoft-com:xslt""&gt;    &lt;head&gt;    &lt;META http-equiv=""Content-Type"" content=""text/html""&gt;    &lt;meta http-equiv=""content-type"" content=""text/html; charset=UTF-8""&gt;    &lt;/head&gt;    &lt;body style=""margin:0px 0px 0px 0px;overflow:auto;background:#FFFFFF;""&gt;    &lt;table style=""font-family:Arial,Verdana,Times;font-size:12px;text-align:left;width:100%;border-collapse:collapse;padding:3px 3px 3px 3px""&gt;    &lt;tr style=""text-align:center;font-weight:bold;background:#9CBCE2""&gt;    &lt;td&gt;9339&lt;/td&gt;    &lt;/tr&gt;    &lt;tr&gt;    &lt;td&gt;    &lt;table style=""font-family:Arial,Verdana,Times;font-size:12px;text-align:left;width:100%;border-spacing:0px; padding:3px 3px 3px 3px""&gt;    &lt;tr&gt;    &lt;td&gt;FID&lt;/td&gt;    &lt;td&gt;15&lt;/td&gt;    &lt;/tr&gt;    &lt;tr bgcolor=""#D4E4F3""&gt;    &lt;td&gt;CID&lt;/td&gt;    &lt;td&gt;9339&lt;/td&gt;    &lt;/tr&gt;    &lt;/table&gt;    &lt;/td&gt;    &lt;/tr&gt;    &lt;/table&gt;    &lt;/body&gt;&lt;script type=""text/javascript""&gt;    				function changeImage(attElement, nameElement) {    				document.getElementById('imageAttachment').src = attElement;    				document.getElementById('imageName').innerHTML = nameElement;}    			&lt;/script&gt;&lt;/html&gt;",1
-161.004722438,68.0507348333468,9913,-1,0,9913,Temporary Places/Tundra_50random_500m_nonThkst.kmz/Tundra_50random_500m,0,-1,9913,167,"&lt;html xmlns:fo=""http://www.w3.org/1999/XSL/Format"" xmlns:msxsl=""urn:schemas-microsoft-com:xslt""&gt;    &lt;head&gt;    &lt;META http-equiv=""Content-Type"" content=""text/html""&gt;    &lt;meta http-equiv=""content-type"" content=""text/html; charset=UTF-8""&gt;    &lt;/head&gt;    &lt;body style=""margin:0px 0px 0px 0px;overflow:auto;background:#FFFFFF;""&gt;    &lt;table style=""font-family:Arial,Verdana,Times;font-size:12px;text-align:left;width:100%;border-collapse:collapse;padding:3px 3px 3px 3px""&gt;    &lt;tr style=""text-align:center;font-weight:bold;background:#9CBCE2""&gt;    &lt;td&gt;9913&lt;/td&gt;    &lt;/tr&gt;    &lt;tr&gt;    &lt;td&gt;    &lt;table style=""font-family:Arial,Verdana,Times;font-size:12px;text-align:left;width:100%;border-spacing:0px; padding:3px 3px 3px 3px""&gt;    &lt;tr&gt;    &lt;td&gt;FID&lt;/td&gt;    &lt;td&gt;16&lt;/td&gt;    &lt;/tr&gt;    &lt;tr bgcolor=""#D4E4F3""&gt;    &lt;td&gt;CID&lt;/td&gt;    &lt;td&gt;9913&lt;/td&gt;    &lt;/tr&gt;    &lt;/table&gt;    &lt;/td&gt;    &lt;/tr&gt;    &lt;/table&gt;    &lt;/body&gt;&lt;script type=""text/javascript""&gt;    				function changeImage(attElement, nameElement) {    				document.getElementById('imageAttachment').src = attElement;    				document.getElementById('imageName').innerHTML = nameElement;}    			&lt;/script&gt;&lt;/html&gt;",1
-160.977740653,66.3158346973069,10400,-1,0,10400,Temporary Places/Tundra_50random_500m_nonThkst.kmz/Tundra_50random_500m,0,-1,10400,168,"&lt;html xmlns:fo=""http://www.w3.org/1999/XSL/Format"" xmlns:msxsl=""urn:schemas-microsoft-com:xslt""&gt;    &lt;head&gt;    &lt;META http-equiv=""Content-Type"" content=""text/html""&gt;    &lt;meta http-equiv=""content-type"" content=""text/html; charset=UTF-8""&gt;    &lt;/head&gt;    &lt;body style=""margin:0px 0px 0px 0px;overflow:auto;background:#FFFFFF;""&gt;    &lt;table style=""font-family:Arial,Verdana,Times;font-size:12px;text-align:left;width:100%;border-collapse:collapse;padding:3px 3px 3px 3px""&gt;    &lt;tr style=""text-align:center;font-weight:bold;background:#9CBCE2""&gt;    &lt;td&gt;10400&lt;/td&gt;    &lt;/tr&gt;    &lt;tr&gt;    &lt;td&gt;    &lt;table style=""font-family:Arial,Verdana,Times;font-size:12px;text-align:left;width:100%;border-spacing:0px; padding:3px 3px 3px 3px""&gt;    &lt;tr&gt;    &lt;td&gt;FID&lt;/td&gt;    &lt;td&gt;17&lt;/td&gt;    &lt;/tr&gt;    &lt;tr bgcolor=""#D4E4F3""&gt;    &lt;td&gt;CID&lt;/td&gt;    &lt;td&gt;10400&lt;/td&gt;    &lt;/tr&gt;    &lt;/table&gt;    &lt;/td&gt;    &lt;/tr&gt;    &lt;/table&gt;    &lt;/body&gt;&lt;script type=""text/javascript""&gt;    				function changeImage(attElement, nameElement) {    				document.getElementById('imageAttachment').src = attElement;    				document.getElementById('imageName').innerHTML = nameElement;}    			&lt;/script&gt;&lt;/html&gt;",1
-161.095556541,65.9461583532987,10600,-1,0,10600,Temporary Places/Tundra_50random_500m_nonThkst.kmz/Tundra_50random_500m,0,-1,10600,169,"&lt;html xmlns:fo=""http://www.w3.org/1999/XSL/Format"" xmlns:msxsl=""urn:schemas-microsoft-com:xslt""&gt;    &lt;head&gt;    &lt;META http-equiv=""Content-Type"" content=""text/html""&gt;    &lt;meta http-equiv=""content-type"" content=""text/html; charset=UTF-8""&gt;    &lt;/head&gt;    &lt;body style=""margin:0px 0px 0px 0px;overflow:auto;background:#FFFFFF;""&gt;    &lt;table style=""font-family:Arial,Verdana,Times;font-size:12px;text-align:left;width:100%;border-collapse:collapse;padding:3px 3px 3px 3px""&gt;    &lt;tr style=""text-align:center;font-weight:bold;background:#9CBCE2""&gt;    &lt;td&gt;10600&lt;/td&gt;    &lt;/tr&gt;    &lt;tr&gt;    &lt;td&gt;    &lt;table style=""font-family:Arial,Verdana,Times;font-size:12px;text-align:left;width:100%;border-spacing:0px; padding:3px 3px 3px 3px""&gt;    &lt;tr&gt;    &lt;td&gt;FID&lt;/td&gt;    &lt;td&gt;18&lt;/td&gt;    &lt;/tr&gt;    &lt;tr bgcolor=""#D4E4F3""&gt;    &lt;td&gt;CID&lt;/td&gt;    &lt;td&gt;10600&lt;/td&gt;    &lt;/tr&gt;    &lt;/table&gt;    &lt;/td&gt;    &lt;/tr&gt;    &lt;/table&gt;    &lt;/body&gt;&lt;script type=""text/javascript""&gt;    				function changeImage(attElement, nameElement) {    				document.getElementById('imageAttachment').src = attElement;    				document.getElementById('imageName').innerHTML = nameElement;}    			&lt;/script&gt;&lt;/html&gt;",1
-161.244159284,66.0565364923011,10848,-1,0,10848,Temporary Places/Tundra_50random_500m_nonThkst.kmz/Tundra_50random_500m,0,-1,10848,170,"&lt;html xmlns:fo=""http://www.w3.org/1999/XSL/Format"" xmlns:msxsl=""urn:schemas-microsoft-com:xslt""&gt;    &lt;head&gt;    &lt;META http-equiv=""Content-Type"" content=""text/html""&gt;    &lt;meta http-equiv=""content-type"" content=""text/html; charset=UTF-8""&gt;    &lt;/head&gt;    &lt;body style=""margin:0px 0px 0px 0px;overflow:auto;background:#FFFFFF;""&gt;    &lt;table style=""font-family:Arial,Verdana,Times;font-size:12px;text-align:left;width:100%;border-collapse:collapse;padding:3px 3px 3px 3px""&gt;    &lt;tr style=""text-align:center;font-weight:bold;background:#9CBCE2""&gt;    &lt;td&gt;10848&lt;/td&gt;    &lt;/tr&gt;    &lt;tr&gt;    &lt;td&gt;    &lt;table style=""font-family:Arial,Verdana,Times;font-size:12px;text-align:left;width:100%;border-spacing:0px; padding:3px 3px 3px 3px""&gt;    &lt;tr&gt;    &lt;td&gt;FID&lt;/td&gt;    &lt;td&gt;19&lt;/td&gt;    &lt;/tr&gt;    &lt;tr bgcolor=""#D4E4F3""&gt;    &lt;td&gt;CID&lt;/td&gt;    &lt;td&gt;10848&lt;/td&gt;    &lt;/tr&gt;    &lt;/table&gt;    &lt;/td&gt;    &lt;/tr&gt;    &lt;/table&gt;    &lt;/body&gt;&lt;script type=""text/javascript""&gt;    				function changeImage(attElement, nameElement) {    				document.getElementById('imageAttachment').src = attElement;    				document.getElementById('imageName').innerHTML = nameElement;}    			&lt;/script&gt;&lt;/html&gt;",1
-161.266728142,65.9907233672997,10921,-1,0,10921,Temporary Places/Tundra_50random_500m_nonThkst.kmz/Tundra_50random_500m,0,-1,10921,171,"&lt;html xmlns:fo=""http://www.w3.org/1999/XSL/Format"" xmlns:msxsl=""urn:schemas-microsoft-com:xslt""&gt;    &lt;head&gt;    &lt;META http-equiv=""Content-Type"" content=""text/html""&gt;    &lt;meta http-equiv=""content-type"" content=""text/html; charset=UTF-8""&gt;    &lt;/head&gt;    &lt;body style=""margin:0px 0px 0px 0px;overflow:auto;background:#FFFFFF;""&gt;    &lt;table style=""font-family:Arial,Verdana,Times;font-size:12px;text-align:left;width:100%;border-collapse:collapse;padding:3px 3px 3px 3px""&gt;    &lt;tr style=""text-align:center;font-weight:bold;background:#9CBCE2""&gt;    &lt;td&gt;10921&lt;/td&gt;    &lt;/tr&gt;    &lt;tr&gt;    &lt;td&gt;    &lt;table style=""font-family:Arial,Verdana,Times;font-size:12px;text-align:left;width:100%;border-spacing:0px; padding:3px 3px 3px 3px""&gt;    &lt;tr&gt;    &lt;td&gt;FID&lt;/td&gt;    &lt;td&gt;20&lt;/td&gt;    &lt;/tr&gt;    &lt;tr bgcolor=""#D4E4F3""&gt;    &lt;td&gt;CID&lt;/td&gt;    &lt;td&gt;10921&lt;/td&gt;    &lt;/tr&gt;    &lt;/table&gt;    &lt;/td&gt;    &lt;/tr&gt;    &lt;/table&gt;    &lt;/body&gt;&lt;script type=""text/javascript""&gt;    				function changeImage(attElement, nameElement) {    				document.getElementById('imageAttachment').src = attElement;    				document.getElementById('imageName').innerHTML = nameElement;}    			&lt;/script&gt;&lt;/html&gt;",1
-161.273841978,66.0083685363001,10931,-1,0,10931,Temporary Places/Tundra_50random_500m_nonThkst.kmz/Tundra_50random_500m,0,-1,10931,172,"&lt;html xmlns:fo=""http://www.w3.org/1999/XSL/Format"" xmlns:msxsl=""urn:schemas-microsoft-com:xslt""&gt;    &lt;head&gt;    &lt;META http-equiv=""Content-Type"" content=""text/html""&gt;    &lt;meta http-equiv=""content-type"" content=""text/html; charset=UTF-8""&gt;    &lt;/head&gt;    &lt;body style=""margin:0px 0px 0px 0px;overflow:auto;background:#FFFFFF;""&gt;    &lt;table style=""font-family:Arial,Verdana,Times;font-size:12px;text-align:left;width:100%;border-collapse:collapse;padding:3px 3px 3px 3px""&gt;    &lt;tr style=""text-align:center;font-weight:bold;background:#9CBCE2""&gt;    &lt;td&gt;10931&lt;/td&gt;    &lt;/tr&gt;    &lt;tr&gt;    &lt;td&gt;    &lt;table style=""font-family:Arial,Verdana,Times;font-size:12px;text-align:left;width:100%;border-spacing:0px; padding:3px 3px 3px 3px""&gt;    &lt;tr&gt;    &lt;td&gt;FID&lt;/td&gt;    &lt;td&gt;21&lt;/td&gt;    &lt;/tr&gt;    &lt;tr bgcolor=""#D4E4F3""&gt;    &lt;td&gt;CID&lt;/td&gt;    &lt;td&gt;10931&lt;/td&gt;    &lt;/tr&gt;    &lt;/table&gt;    &lt;/td&gt;    &lt;/tr&gt;    &lt;/table&gt;    &lt;/body&gt;&lt;script type=""text/javascript""&gt;    				function changeImage(attElement, nameElement) {    				document.getElementById('imageAttachment').src = attElement;    				document.getElementById('imageName').innerHTML = nameElement;}    			&lt;/script&gt;&lt;/html&gt;",1
-160.871857419,65.8951962562976,10966,-1,0,10966,Temporary Places/Tundra_50random_500m_nonThkst.kmz/Tundra_50random_500m,0,-1,10966,173,"&lt;html xmlns:fo=""http://www.w3.org/1999/XSL/Format"" xmlns:msxsl=""urn:schemas-microsoft-com:xslt""&gt;    &lt;head&gt;    &lt;META http-equiv=""Content-Type"" content=""text/html""&gt;    &lt;meta http-equiv=""content-type"" content=""text/html; charset=UTF-8""&gt;    &lt;/head&gt;    &lt;body style=""margin:0px 0px 0px 0px;overflow:auto;background:#FFFFFF;""&gt;    &lt;table style=""font-family:Arial,Verdana,Times;font-size:12px;text-align:left;width:100%;border-collapse:collapse;padding:3px 3px 3px 3px""&gt;    &lt;tr style=""text-align:center;font-weight:bold;background:#9CBCE2""&gt;    &lt;td&gt;10966&lt;/td&gt;    &lt;/tr&gt;    &lt;tr&gt;    &lt;td&gt;    &lt;table style=""font-family:Arial,Verdana,Times;font-size:12px;text-align:left;width:100%;border-spacing:0px; padding:3px 3px 3px 3px""&gt;    &lt;tr&gt;    &lt;td&gt;FID&lt;/td&gt;    &lt;td&gt;22&lt;/td&gt;    &lt;/tr&gt;    &lt;tr bgcolor=""#D4E4F3""&gt;    &lt;td&gt;CID&lt;/td&gt;    &lt;td&gt;10966&lt;/td&gt;    &lt;/tr&gt;    &lt;/table&gt;    &lt;/td&gt;    &lt;/tr&gt;    &lt;/table&gt;    &lt;/body&gt;&lt;script type=""text/javascript""&gt;    				function changeImage(attElement, nameElement) {    				document.getElementById('imageAttachment').src = attElement;    				document.getElementById('imageName').innerHTML = nameElement;}    			&lt;/script&gt;&lt;/html&gt;",1
-161.892935376,65.3782374532863,11468,-1,0,11468,Temporary Places/Tundra_50random_500m_nonThkst.kmz/Tundra_50random_500m,0,-1,11468,174,"&lt;html xmlns:fo=""http://www.w3.org/1999/XSL/Format"" xmlns:msxsl=""urn:schemas-microsoft-com:xslt""&gt;    &lt;head&gt;    &lt;META http-equiv=""Content-Type"" content=""text/html""&gt;    &lt;meta http-equiv=""content-type"" content=""text/html; charset=UTF-8""&gt;    &lt;/head&gt;    &lt;body style=""margin:0px 0px 0px 0px;overflow:auto;background:#FFFFFF;""&gt;    &lt;table style=""font-family:Arial,Verdana,Times;font-size:12px;text-align:left;width:100%;border-collapse:collapse;padding:3px 3px 3px 3px""&gt;    &lt;tr style=""text-align:center;font-weight:bold;background:#9CBCE2""&gt;    &lt;td&gt;11468&lt;/td&gt;    &lt;/tr&gt;    &lt;tr&gt;    &lt;td&gt;    &lt;table style=""font-family:Arial,Verdana,Times;font-size:12px;text-align:left;width:100%;border-spacing:0px; padding:3px 3px 3px 3px""&gt;    &lt;tr&gt;    &lt;td&gt;FID&lt;/td&gt;    &lt;td&gt;23&lt;/td&gt;    &lt;/tr&gt;    &lt;tr bgcolor=""#D4E4F3""&gt;    &lt;td&gt;CID&lt;/td&gt;    &lt;td&gt;11468&lt;/td&gt;    &lt;/tr&gt;    &lt;/table&gt;    &lt;/td&gt;    &lt;/tr&gt;    &lt;/table&gt;    &lt;/body&gt;&lt;script type=""text/javascript""&gt;    				function changeImage(attElement, nameElement) {    				document.getElementById('imageAttachment').src = attElement;    				document.getElementById('imageName').innerHTML = nameElement;}    			&lt;/script&gt;&lt;/html&gt;",1
-162.163402341,67.8614499583424,11624,-1,0,11624,Temporary Places/Tundra_50random_500m_nonThkst.kmz/Tundra_50random_500m,0,-1,11624,175,"&lt;html xmlns:fo=""http://www.w3.org/1999/XSL/Format"" xmlns:msxsl=""urn:schemas-microsoft-com:xslt""&gt;    &lt;head&gt;    &lt;META http-equiv=""Content-Type"" content=""text/html""&gt;    &lt;meta http-equiv=""content-type"" content=""text/html; charset=UTF-8""&gt;    &lt;/head&gt;    &lt;body style=""margin:0px 0px 0px 0px;overflow:auto;background:#FFFFFF;""&gt;    &lt;table style=""font-family:Arial,Verdana,Times;font-size:12px;text-align:left;width:100%;border-collapse:collapse;padding:3px 3px 3px 3px""&gt;    &lt;tr style=""text-align:center;font-weight:bold;background:#9CBCE2""&gt;    &lt;td&gt;11624&lt;/td&gt;    &lt;/tr&gt;    &lt;tr&gt;    &lt;td&gt;    &lt;table style=""font-family:Arial,Verdana,Times;font-size:12px;text-align:left;width:100%;border-spacing:0px; padding:3px 3px 3px 3px""&gt;    &lt;tr&gt;    &lt;td&gt;FID&lt;/td&gt;    &lt;td&gt;24&lt;/td&gt;    &lt;/tr&gt;    &lt;tr bgcolor=""#D4E4F3""&gt;    &lt;td&gt;CID&lt;/td&gt;    &lt;td&gt;11624&lt;/td&gt;    &lt;/tr&gt;    &lt;/table&gt;    &lt;/td&gt;    &lt;/tr&gt;    &lt;/table&gt;    &lt;/body&gt;&lt;script type=""text/javascript""&gt;    				function changeImage(attElement, nameElement) {    				document.getElementById('imageAttachment').src = attElement;    				document.getElementById('imageName').innerHTML = nameElement;}    			&lt;/script&gt;&lt;/html&gt;",1
-162.427326212,67.8210515353414,11675,-1,0,11675,Temporary Places/Tundra_50random_500m_nonThkst.kmz/Tundra_50random_500m,0,-1,11675,176,"&lt;html xmlns:fo=""http://www.w3.org/1999/XSL/Format"" xmlns:msxsl=""urn:schemas-microsoft-com:xslt""&gt;    &lt;head&gt;    &lt;META http-equiv=""Content-Type"" content=""text/html""&gt;    &lt;meta http-equiv=""content-type"" content=""text/html; charset=UTF-8""&gt;    &lt;/head&gt;    &lt;body style=""margin:0px 0px 0px 0px;overflow:auto;background:#FFFFFF;""&gt;    &lt;table style=""font-family:Arial,Verdana,Times;font-size:12px;text-align:left;width:100%;border-collapse:collapse;padding:3px 3px 3px 3px""&gt;    &lt;tr style=""text-align:center;font-weight:bold;background:#9CBCE2""&gt;    &lt;td&gt;11675&lt;/td&gt;    &lt;/tr&gt;    &lt;tr&gt;    &lt;td&gt;    &lt;table style=""font-family:Arial,Verdana,Times;font-size:12px;text-align:left;width:100%;border-spacing:0px; padding:3px 3px 3px 3px""&gt;    &lt;tr&gt;    &lt;td&gt;FID&lt;/td&gt;    &lt;td&gt;25&lt;/td&gt;    &lt;/tr&gt;    &lt;tr bgcolor=""#D4E4F3""&gt;    &lt;td&gt;CID&lt;/td&gt;    &lt;td&gt;11675&lt;/td&gt;    &lt;/tr&gt;    &lt;/table&gt;    &lt;/td&gt;    &lt;/tr&gt;    &lt;/table&gt;    &lt;/body&gt;&lt;script type=""text/javascript""&gt;    				function changeImage(attElement, nameElement) {    				document.getElementById('imageAttachment').src = attElement;    				document.getElementById('imageName').innerHTML = nameElement;}    			&lt;/script&gt;&lt;/html&gt;",1
-162.163730032,66.7906672353175,13008,-1,0,13008,Temporary Places/Tundra_50random_500m_nonThkst.kmz/Tundra_50random_500m,0,-1,13008,177,"&lt;html xmlns:fo=""http://www.w3.org/1999/XSL/Format"" xmlns:msxsl=""urn:schemas-microsoft-com:xslt""&gt;    &lt;head&gt;    &lt;META http-equiv=""Content-Type"" content=""text/html""&gt;    &lt;meta http-equiv=""content-type"" content=""text/html; charset=UTF-8""&gt;    &lt;/head&gt;    &lt;body style=""margin:0px 0px 0px 0px;overflow:auto;background:#FFFFFF;""&gt;    &lt;table style=""font-family:Arial,Verdana,Times;font-size:12px;text-align:left;width:100%;border-collapse:collapse;padding:3px 3px 3px 3px""&gt;    &lt;tr style=""text-align:center;font-weight:bold;background:#9CBCE2""&gt;    &lt;td&gt;13008&lt;/td&gt;    &lt;/tr&gt;    &lt;tr&gt;    &lt;td&gt;    &lt;table style=""font-family:Arial,Verdana,Times;font-size:12px;text-align:left;width:100%;border-spacing:0px; padding:3px 3px 3px 3px""&gt;    &lt;tr&gt;    &lt;td&gt;FID&lt;/td&gt;    &lt;td&gt;26&lt;/td&gt;    &lt;/tr&gt;    &lt;tr bgcolor=""#D4E4F3""&gt;    &lt;td&gt;CID&lt;/td&gt;    &lt;td&gt;13008&lt;/td&gt;    &lt;/tr&gt;    &lt;/table&gt;    &lt;/td&gt;    &lt;/tr&gt;    &lt;/table&gt;    &lt;/body&gt;&lt;script type=""text/javascript""&gt;    				function changeImage(attElement, nameElement) {    				document.getElementById('imageAttachment').src = attElement;    				document.getElementById('imageName').innerHTML = nameElement;}    			&lt;/script&gt;&lt;/html&gt;",1
-162.186928707,66.7854265973175,13009,-1,0,13009,Temporary Places/Tundra_50random_500m_nonThkst.kmz/Tundra_50random_500m,0,-1,13009,178,"&lt;html xmlns:fo=""http://www.w3.org/1999/XSL/Format"" xmlns:msxsl=""urn:schemas-microsoft-com:xslt""&gt;    &lt;head&gt;    &lt;META http-equiv=""Content-Type"" content=""text/html""&gt;    &lt;meta http-equiv=""content-type"" content=""text/html; charset=UTF-8""&gt;    &lt;/head&gt;    &lt;body style=""margin:0px 0px 0px 0px;overflow:auto;background:#FFFFFF;""&gt;    &lt;table style=""font-family:Arial,Verdana,Times;font-size:12px;text-align:left;width:100%;border-collapse:collapse;padding:3px 3px 3px 3px""&gt;    &lt;tr style=""text-align:center;font-weight:bold;background:#9CBCE2""&gt;    &lt;td&gt;13009&lt;/td&gt;    &lt;/tr&gt;    &lt;tr&gt;    &lt;td&gt;    &lt;table style=""font-family:Arial,Verdana,Times;font-size:12px;text-align:left;width:100%;border-spacing:0px; padding:3px 3px 3px 3px""&gt;    &lt;tr&gt;    &lt;td&gt;FID&lt;/td&gt;    &lt;td&gt;27&lt;/td&gt;    &lt;/tr&gt;    &lt;tr bgcolor=""#D4E4F3""&gt;    &lt;td&gt;CID&lt;/td&gt;    &lt;td&gt;13009&lt;/td&gt;    &lt;/tr&gt;    &lt;/table&gt;    &lt;/td&gt;    &lt;/tr&gt;    &lt;/table&gt;    &lt;/body&gt;&lt;script type=""text/javascript""&gt;    				function changeImage(attElement, nameElement) {    				document.getElementById('imageAttachment').src = attElement;    				document.getElementById('imageName').innerHTML = nameElement;}    			&lt;/script&gt;&lt;/html&gt;",1
-162.508949073,66.809453348318,13232,-1,0,13232,Temporary Places/Tundra_50random_500m_nonThkst.kmz/Tundra_50random_500m,0,-1,13232,179,"&lt;html xmlns:fo=""http://www.w3.org/1999/XSL/Format"" xmlns:msxsl=""urn:schemas-microsoft-com:xslt""&gt;    &lt;head&gt;    &lt;META http-equiv=""Content-Type"" content=""text/html""&gt;    &lt;meta http-equiv=""content-type"" content=""text/html; charset=UTF-8""&gt;    &lt;/head&gt;    &lt;body style=""margin:0px 0px 0px 0px;overflow:auto;background:#FFFFFF;""&gt;    &lt;table style=""font-family:Arial,Verdana,Times;font-size:12px;text-align:left;width:100%;border-collapse:collapse;padding:3px 3px 3px 3px""&gt;    &lt;tr style=""text-align:center;font-weight:bold;background:#9CBCE2""&gt;    &lt;td&gt;13232&lt;/td&gt;    &lt;/tr&gt;    &lt;tr&gt;    &lt;td&gt;    &lt;table style=""font-family:Arial,Verdana,Times;font-size:12px;text-align:left;width:100%;border-spacing:0px; padding:3px 3px 3px 3px""&gt;    &lt;tr&gt;    &lt;td&gt;FID&lt;/td&gt;    &lt;td&gt;28&lt;/td&gt;    &lt;/tr&gt;    &lt;tr bgcolor=""#D4E4F3""&gt;    &lt;td&gt;CID&lt;/td&gt;    &lt;td&gt;13232&lt;/td&gt;    &lt;/tr&gt;    &lt;/table&gt;    &lt;/td&gt;    &lt;/tr&gt;    &lt;/table&gt;    &lt;/body&gt;&lt;script type=""text/javascript""&gt;    				function changeImage(attElement, nameElement) {    				document.getElementById('imageAttachment').src = attElement;    				document.getElementById('imageName').innerHTML = nameElement;}    			&lt;/script&gt;&lt;/html&gt;",1
-162.055487125,65.3512807822857,13540,-1,0,13540,Temporary Places/Tundra_50random_500m_nonThkst.kmz/Tundra_50random_500m,0,-1,13540,180,"&lt;html xmlns:fo=""http://www.w3.org/1999/XSL/Format"" xmlns:msxsl=""urn:schemas-microsoft-com:xslt""&gt;    &lt;head&gt;    &lt;META http-equiv=""Content-Type"" content=""text/html""&gt;    &lt;meta http-equiv=""content-type"" content=""text/html; charset=UTF-8""&gt;    &lt;/head&gt;    &lt;body style=""margin:0px 0px 0px 0px;overflow:auto;background:#FFFFFF;""&gt;    &lt;table style=""font-family:Arial,Verdana,Times;font-size:12px;text-align:left;width:100%;border-collapse:collapse;padding:3px 3px 3px 3px""&gt;    &lt;tr style=""text-align:center;font-weight:bold;background:#9CBCE2""&gt;    &lt;td&gt;13540&lt;/td&gt;    &lt;/tr&gt;    &lt;tr&gt;    &lt;td&gt;    &lt;table style=""font-family:Arial,Verdana,Times;font-size:12px;text-align:left;width:100%;border-spacing:0px; padding:3px 3px 3px 3px""&gt;    &lt;tr&gt;    &lt;td&gt;FID&lt;/td&gt;    &lt;td&gt;29&lt;/td&gt;    &lt;/tr&gt;    &lt;tr bgcolor=""#D4E4F3""&gt;    &lt;td&gt;CID&lt;/td&gt;    &lt;td&gt;13540&lt;/td&gt;    &lt;/tr&gt;    &lt;/table&gt;    &lt;/td&gt;    &lt;/tr&gt;    &lt;/table&gt;    &lt;/body&gt;&lt;script type=""text/javascript""&gt;    				function changeImage(attElement, nameElement) {    				document.getElementById('imageAttachment').src = attElement;    				document.getElementById('imageName').innerHTML = nameElement;}    			&lt;/script&gt;&lt;/html&gt;",1
-164.050521324,66.0228525013004,14363,-1,0,14363,Temporary Places/Tundra_50random_500m_nonThkst.kmz/Tundra_50random_500m,0,-1,14363,181,"&lt;html xmlns:fo=""http://www.w3.org/1999/XSL/Format"" xmlns:msxsl=""urn:schemas-microsoft-com:xslt""&gt;    &lt;head&gt;    &lt;META http-equiv=""Content-Type"" content=""text/html""&gt;    &lt;meta http-equiv=""content-type"" content=""text/html; charset=UTF-8""&gt;    &lt;/head&gt;    &lt;body style=""margin:0px 0px 0px 0px;overflow:auto;background:#FFFFFF;""&gt;    &lt;table style=""font-family:Arial,Verdana,Times;font-size:12px;text-align:left;width:100%;border-collapse:collapse;padding:3px 3px 3px 3px""&gt;    &lt;tr style=""text-align:center;font-weight:bold;background:#9CBCE2""&gt;    &lt;td&gt;14363&lt;/td&gt;    &lt;/tr&gt;    &lt;tr&gt;    &lt;td&gt;    &lt;table style=""font-family:Arial,Verdana,Times;font-size:12px;text-align:left;width:100%;border-spacing:0px; padding:3px 3px 3px 3px""&gt;    &lt;tr&gt;    &lt;td&gt;FID&lt;/td&gt;    &lt;td&gt;30&lt;/td&gt;    &lt;/tr&gt;    &lt;tr bgcolor=""#D4E4F3""&gt;    &lt;td&gt;CID&lt;/td&gt;    &lt;td&gt;14363&lt;/td&gt;    &lt;/tr&gt;    &lt;/table&gt;    &lt;/td&gt;    &lt;/tr&gt;    &lt;/table&gt;    &lt;/body&gt;&lt;script type=""text/javascript""&gt;    				function changeImage(attElement, nameElement) {    				document.getElementById('imageAttachment').src = attElement;    				document.getElementById('imageName').innerHTML = nameElement;}    			&lt;/script&gt;&lt;/html&gt;",1
-164.152451805,66.0184339103003,15349,-1,0,15349,Temporary Places/Tundra_50random_500m_nonThkst.kmz/Tundra_50random_500m,0,-1,15349,182,"&lt;html xmlns:fo=""http://www.w3.org/1999/XSL/Format"" xmlns:msxsl=""urn:schemas-microsoft-com:xslt""&gt;    &lt;head&gt;    &lt;META http-equiv=""Content-Type"" content=""text/html""&gt;    &lt;meta http-equiv=""content-type"" content=""text/html; charset=UTF-8""&gt;    &lt;/head&gt;    &lt;body style=""margin:0px 0px 0px 0px;overflow:auto;background:#FFFFFF;""&gt;    &lt;table style=""font-family:Arial,Verdana,Times;font-size:12px;text-align:left;width:100%;border-collapse:collapse;padding:3px 3px 3px 3px""&gt;    &lt;tr style=""text-align:center;font-weight:bold;background:#9CBCE2""&gt;    &lt;td&gt;15349&lt;/td&gt;    &lt;/tr&gt;    &lt;tr&gt;    &lt;td&gt;    &lt;table style=""font-family:Arial,Verdana,Times;font-size:12px;text-align:left;width:100%;border-spacing:0px; padding:3px 3px 3px 3px""&gt;    &lt;tr&gt;    &lt;td&gt;FID&lt;/td&gt;    &lt;td&gt;31&lt;/td&gt;    &lt;/tr&gt;    &lt;tr bgcolor=""#D4E4F3""&gt;    &lt;td&gt;CID&lt;/td&gt;    &lt;td&gt;15349&lt;/td&gt;    &lt;/tr&gt;    &lt;/table&gt;    &lt;/td&gt;    &lt;/tr&gt;    &lt;/table&gt;    &lt;/body&gt;&lt;script type=""text/javascript""&gt;    				function changeImage(attElement, nameElement) {    				document.getElementById('imageAttachment').src = attElement;    				document.getElementById('imageName').innerHTML = nameElement;}    			&lt;/script&gt;&lt;/html&gt;",1
-164.312331939,66.4036761723088,15506,-1,0,15506,Temporary Places/Tundra_50random_500m_nonThkst.kmz/Tundra_50random_500m,0,-1,15506,183,"&lt;html xmlns:fo=""http://www.w3.org/1999/XSL/Format"" xmlns:msxsl=""urn:schemas-microsoft-com:xslt""&gt;    &lt;head&gt;    &lt;META http-equiv=""Content-Type"" content=""text/html""&gt;    &lt;meta http-equiv=""content-type"" content=""text/html; charset=UTF-8""&gt;    &lt;/head&gt;    &lt;body style=""margin:0px 0px 0px 0px;overflow:auto;background:#FFFFFF;""&gt;    &lt;table style=""font-family:Arial,Verdana,Times;font-size:12px;text-align:left;width:100%;border-collapse:collapse;padding:3px 3px 3px 3px""&gt;    &lt;tr style=""text-align:center;font-weight:bold;background:#9CBCE2""&gt;    &lt;td&gt;15506&lt;/td&gt;    &lt;/tr&gt;    &lt;tr&gt;    &lt;td&gt;    &lt;table style=""font-family:Arial,Verdana,Times;font-size:12px;text-align:left;width:100%;border-spacing:0px; padding:3px 3px 3px 3px""&gt;    &lt;tr&gt;    &lt;td&gt;FID&lt;/td&gt;    &lt;td&gt;32&lt;/td&gt;    &lt;/tr&gt;    &lt;tr bgcolor=""#D4E4F3""&gt;    &lt;td&gt;CID&lt;/td&gt;    &lt;td&gt;15506&lt;/td&gt;    &lt;/tr&gt;    &lt;/table&gt;    &lt;/td&gt;    &lt;/tr&gt;    &lt;/table&gt;    &lt;/body&gt;&lt;script type=""text/javascript""&gt;    				function changeImage(attElement, nameElement) {    				document.getElementById('imageAttachment').src = attElement;    				document.getElementById('imageName').innerHTML = nameElement;}    			&lt;/script&gt;&lt;/html&gt;",1
-164.352145827,66.2700694823058,15633,-1,0,15633,Temporary Places/Tundra_50random_500m_nonThkst.kmz/Tundra_50random_500m,0,-1,15633,184,"&lt;html xmlns:fo=""http://www.w3.org/1999/XSL/Format"" xmlns:msxsl=""urn:schemas-microsoft-com:xslt""&gt;    &lt;head&gt;    &lt;META http-equiv=""Content-Type"" content=""text/html""&gt;    &lt;meta http-equiv=""content-type"" content=""text/html; charset=UTF-8""&gt;    &lt;/head&gt;    &lt;body style=""margin:0px 0px 0px 0px;overflow:auto;background:#FFFFFF;""&gt;    &lt;table style=""font-family:Arial,Verdana,Times;font-size:12px;text-align:left;width:100%;border-collapse:collapse;padding:3px 3px 3px 3px""&gt;    &lt;tr style=""text-align:center;font-weight:bold;background:#9CBCE2""&gt;    &lt;td&gt;15633&lt;/td&gt;    &lt;/tr&gt;    &lt;tr&gt;    &lt;td&gt;    &lt;table style=""font-family:Arial,Verdana,Times;font-size:12px;text-align:left;width:100%;border-spacing:0px; padding:3px 3px 3px 3px""&gt;    &lt;tr&gt;    &lt;td&gt;FID&lt;/td&gt;    &lt;td&gt;33&lt;/td&gt;    &lt;/tr&gt;    &lt;tr bgcolor=""#D4E4F3""&gt;    &lt;td&gt;CID&lt;/td&gt;    &lt;td&gt;15633&lt;/td&gt;    &lt;/tr&gt;    &lt;/table&gt;    &lt;/td&gt;    &lt;/tr&gt;    &lt;/table&gt;    &lt;/body&gt;&lt;script type=""text/javascript""&gt;    				function changeImage(attElement, nameElement) {    				document.getElementById('imageAttachment').src = attElement;    				document.getElementById('imageName').innerHTML = nameElement;}    			&lt;/script&gt;&lt;/html&gt;",1
-164.467773016,66.2660165923058,15851,-1,0,15851,Temporary Places/Tundra_50random_500m_nonThkst.kmz/Tundra_50random_500m,0,-1,15851,185,"&lt;html xmlns:fo=""http://www.w3.org/1999/XSL/Format"" xmlns:msxsl=""urn:schemas-microsoft-com:xslt""&gt;    &lt;head&gt;    &lt;META http-equiv=""Content-Type"" content=""text/html""&gt;    &lt;meta http-equiv=""content-type"" content=""text/html; charset=UTF-8""&gt;    &lt;/head&gt;    &lt;body style=""margin:0px 0px 0px 0px;overflow:auto;background:#FFFFFF;""&gt;    &lt;table style=""font-family:Arial,Verdana,Times;font-size:12px;text-align:left;width:100%;border-collapse:collapse;padding:3px 3px 3px 3px""&gt;    &lt;tr style=""text-align:center;font-weight:bold;background:#9CBCE2""&gt;    &lt;td&gt;15851&lt;/td&gt;    &lt;/tr&gt;    &lt;tr&gt;    &lt;td&gt;    &lt;table style=""font-family:Arial,Verdana,Times;font-size:12px;text-align:left;width:100%;border-spacing:0px; padding:3px 3px 3px 3px""&gt;    &lt;tr&gt;    &lt;td&gt;FID&lt;/td&gt;    &lt;td&gt;34&lt;/td&gt;    &lt;/tr&gt;    &lt;tr bgcolor=""#D4E4F3""&gt;    &lt;td&gt;CID&lt;/td&gt;    &lt;td&gt;15851&lt;/td&gt;    &lt;/tr&gt;    &lt;/table&gt;    &lt;/td&gt;    &lt;/tr&gt;    &lt;/table&gt;    &lt;/body&gt;&lt;script type=""text/javascript""&gt;    				function changeImage(attElement, nameElement) {    				document.getElementById('imageAttachment').src = attElement;    				document.getElementById('imageName').innerHTML = nameElement;}    			&lt;/script&gt;&lt;/html&gt;",1
-164.386416604,66.0026379132999,16235,-1,0,16235,Temporary Places/Tundra_50random_500m_nonThkst.kmz/Tundra_50random_500m,0,-1,16235,186,"&lt;html xmlns:fo=""http://www.w3.org/1999/XSL/Format"" xmlns:msxsl=""urn:schemas-microsoft-com:xslt""&gt;    &lt;head&gt;    &lt;META http-equiv=""Content-Type"" content=""text/html""&gt;    &lt;meta http-equiv=""content-type"" content=""text/html; charset=UTF-8""&gt;    &lt;/head&gt;    &lt;body style=""margin:0px 0px 0px 0px;overflow:auto;background:#FFFFFF;""&gt;    &lt;table style=""font-family:Arial,Verdana,Times;font-size:12px;text-align:left;width:100%;border-collapse:collapse;padding:3px 3px 3px 3px""&gt;    &lt;tr style=""text-align:center;font-weight:bold;background:#9CBCE2""&gt;    &lt;td&gt;16235&lt;/td&gt;    &lt;/tr&gt;    &lt;tr&gt;    &lt;td&gt;    &lt;table style=""font-family:Arial,Verdana,Times;font-size:12px;text-align:left;width:100%;border-spacing:0px; padding:3px 3px 3px 3px""&gt;    &lt;tr&gt;    &lt;td&gt;FID&lt;/td&gt;    &lt;td&gt;35&lt;/td&gt;    &lt;/tr&gt;    &lt;tr bgcolor=""#D4E4F3""&gt;    &lt;td&gt;CID&lt;/td&gt;    &lt;td&gt;16235&lt;/td&gt;    &lt;/tr&gt;    &lt;/table&gt;    &lt;/td&gt;    &lt;/tr&gt;    &lt;/table&gt;    &lt;/body&gt;&lt;script type=""text/javascript""&gt;    				function changeImage(attElement, nameElement) {    				document.getElementById('imageAttachment').src = attElement;    				document.getElementById('imageName').innerHTML = nameElement;}    			&lt;/script&gt;&lt;/html&gt;",1
-164.481673908,65.3050241532848,16278,-1,0,16278,Temporary Places/Tundra_50random_500m_nonThkst.kmz/Tundra_50random_500m,0,-1,16278,187,"&lt;html xmlns:fo=""http://www.w3.org/1999/XSL/Format"" xmlns:msxsl=""urn:schemas-microsoft-com:xslt""&gt;    &lt;head&gt;    &lt;META http-equiv=""Content-Type"" content=""text/html""&gt;    &lt;meta http-equiv=""content-type"" content=""text/html; charset=UTF-8""&gt;    &lt;/head&gt;    &lt;body style=""margin:0px 0px 0px 0px;overflow:auto;background:#FFFFFF;""&gt;    &lt;table style=""font-family:Arial,Verdana,Times;font-size:12px;text-align:left;width:100%;border-collapse:collapse;padding:3px 3px 3px 3px""&gt;    &lt;tr style=""text-align:center;font-weight:bold;background:#9CBCE2""&gt;    &lt;td&gt;16278&lt;/td&gt;    &lt;/tr&gt;    &lt;tr&gt;    &lt;td&gt;    &lt;table style=""font-family:Arial,Verdana,Times;font-size:12px;text-align:left;width:100%;border-spacing:0px; padding:3px 3px 3px 3px""&gt;    &lt;tr&gt;    &lt;td&gt;FID&lt;/td&gt;    &lt;td&gt;36&lt;/td&gt;    &lt;/tr&gt;    &lt;tr bgcolor=""#D4E4F3""&gt;    &lt;td&gt;CID&lt;/td&gt;    &lt;td&gt;16278&lt;/td&gt;    &lt;/tr&gt;    &lt;/table&gt;    &lt;/td&gt;    &lt;/tr&gt;    &lt;/table&gt;    &lt;/body&gt;&lt;script type=""text/javascript""&gt;    				function changeImage(attElement, nameElement) {    				document.getElementById('imageAttachment').src = attElement;    				document.getElementById('imageName').innerHTML = nameElement;}    			&lt;/script&gt;&lt;/html&gt;",1
-164.587034838,66.1013887033021,16794,-1,0,16794,Temporary Places/Tundra_50random_500m_nonThkst.kmz/Tundra_50random_500m,0,-1,16794,188,"&lt;html xmlns:fo=""http://www.w3.org/1999/XSL/Format"" xmlns:msxsl=""urn:schemas-microsoft-com:xslt""&gt;    &lt;head&gt;    &lt;META http-equiv=""Content-Type"" content=""text/html""&gt;    &lt;meta http-equiv=""content-type"" content=""text/html; charset=UTF-8""&gt;    &lt;/head&gt;    &lt;body style=""margin:0px 0px 0px 0px;overflow:auto;background:#FFFFFF;""&gt;    &lt;table style=""font-family:Arial,Verdana,Times;font-size:12px;text-align:left;width:100%;border-collapse:collapse;padding:3px 3px 3px 3px""&gt;    &lt;tr style=""text-align:center;font-weight:bold;background:#9CBCE2""&gt;    &lt;td&gt;16794&lt;/td&gt;    &lt;/tr&gt;    &lt;tr&gt;    &lt;td&gt;    &lt;table style=""font-family:Arial,Verdana,Times;font-size:12px;text-align:left;width:100%;border-spacing:0px; padding:3px 3px 3px 3px""&gt;    &lt;tr&gt;    &lt;td&gt;FID&lt;/td&gt;    &lt;td&gt;37&lt;/td&gt;    &lt;/tr&gt;    &lt;tr bgcolor=""#D4E4F3""&gt;    &lt;td&gt;CID&lt;/td&gt;    &lt;td&gt;16794&lt;/td&gt;    &lt;/tr&gt;    &lt;/table&gt;    &lt;/td&gt;    &lt;/tr&gt;    &lt;/table&gt;    &lt;/body&gt;&lt;script type=""text/javascript""&gt;    				function changeImage(attElement, nameElement) {    				document.getElementById('imageAttachment').src = attElement;    				document.getElementById('imageName').innerHTML = nameElement;}    			&lt;/script&gt;&lt;/html&gt;",1
-164.604422389,66.4169713253092,17045,-1,0,17045,Temporary Places/Tundra_50random_500m_nonThkst.kmz/Tundra_50random_500m,0,-1,17045,189,"&lt;html xmlns:fo=""http://www.w3.org/1999/XSL/Format"" xmlns:msxsl=""urn:schemas-microsoft-com:xslt""&gt;    &lt;head&gt;    &lt;META http-equiv=""Content-Type"" content=""text/html""&gt;    &lt;meta http-equiv=""content-type"" content=""text/html; charset=UTF-8""&gt;    &lt;/head&gt;    &lt;body style=""margin:0px 0px 0px 0px;overflow:auto;background:#FFFFFF;""&gt;    &lt;table style=""font-family:Arial,Verdana,Times;font-size:12px;text-align:left;width:100%;border-collapse:collapse;padding:3px 3px 3px 3px""&gt;    &lt;tr style=""text-align:center;font-weight:bold;background:#9CBCE2""&gt;    &lt;td&gt;17045&lt;/td&gt;    &lt;/tr&gt;    &lt;tr&gt;    &lt;td&gt;    &lt;table style=""font-family:Arial,Verdana,Times;font-size:12px;text-align:left;width:100%;border-spacing:0px; padding:3px 3px 3px 3px""&gt;    &lt;tr&gt;    &lt;td&gt;FID&lt;/td&gt;    &lt;td&gt;38&lt;/td&gt;    &lt;/tr&gt;    &lt;tr bgcolor=""#D4E4F3""&gt;    &lt;td&gt;CID&lt;/td&gt;    &lt;td&gt;17045&lt;/td&gt;    &lt;/tr&gt;    &lt;/table&gt;    &lt;/td&gt;    &lt;/tr&gt;    &lt;/table&gt;    &lt;/body&gt;&lt;script type=""text/javascript""&gt;    				function changeImage(attElement, nameElement) {    				document.getElementById('imageAttachment').src = attElement;    				document.getElementById('imageName').innerHTML = nameElement;}    			&lt;/script&gt;&lt;/html&gt;",1
-164.567478911,66.0623557493012,17233,-1,0,17233,Temporary Places/Tundra_50random_500m_nonThkst.kmz/Tundra_50random_500m,0,-1,17233,190,"&lt;html xmlns:fo=""http://www.w3.org/1999/XSL/Format"" xmlns:msxsl=""urn:schemas-microsoft-com:xslt""&gt;    &lt;head&gt;    &lt;META http-equiv=""Content-Type"" content=""text/html""&gt;    &lt;meta http-equiv=""content-type"" content=""text/html; charset=UTF-8""&gt;    &lt;/head&gt;    &lt;body style=""margin:0px 0px 0px 0px;overflow:auto;background:#FFFFFF;""&gt;    &lt;table style=""font-family:Arial,Verdana,Times;font-size:12px;text-align:left;width:100%;border-collapse:collapse;padding:3px 3px 3px 3px""&gt;    &lt;tr style=""text-align:center;font-weight:bold;background:#9CBCE2""&gt;    &lt;td&gt;17233&lt;/td&gt;    &lt;/tr&gt;    &lt;tr&gt;    &lt;td&gt;    &lt;table style=""font-family:Arial,Verdana,Times;font-size:12px;text-align:left;width:100%;border-spacing:0px; padding:3px 3px 3px 3px""&gt;    &lt;tr&gt;    &lt;td&gt;FID&lt;/td&gt;    &lt;td&gt;39&lt;/td&gt;    &lt;/tr&gt;    &lt;tr bgcolor=""#D4E4F3""&gt;    &lt;td&gt;CID&lt;/td&gt;    &lt;td&gt;17233&lt;/td&gt;    &lt;/tr&gt;    &lt;/table&gt;    &lt;/td&gt;    &lt;/tr&gt;    &lt;/table&gt;    &lt;/body&gt;&lt;script type=""text/javascript""&gt;    				function changeImage(attElement, nameElement) {    				document.getElementById('imageAttachment').src = attElement;    				document.getElementById('imageName').innerHTML = nameElement;}    			&lt;/script&gt;&lt;/html&gt;",1
-165.188946192,66.0819162873017,17438,-1,0,17438,Temporary Places/Tundra_50random_500m_nonThkst.kmz/Tundra_50random_500m,0,-1,17438,191,"&lt;html xmlns:fo=""http://www.w3.org/1999/XSL/Format"" xmlns:msxsl=""urn:schemas-microsoft-com:xslt""&gt;    &lt;head&gt;    &lt;META http-equiv=""Content-Type"" content=""text/html""&gt;    &lt;meta http-equiv=""content-type"" content=""text/html; charset=UTF-8""&gt;    &lt;/head&gt;    &lt;body style=""margin:0px 0px 0px 0px;overflow:auto;background:#FFFFFF;""&gt;    &lt;table style=""font-family:Arial,Verdana,Times;font-size:12px;text-align:left;width:100%;border-collapse:collapse;padding:3px 3px 3px 3px""&gt;    &lt;tr style=""text-align:center;font-weight:bold;background:#9CBCE2""&gt;    &lt;td&gt;17438&lt;/td&gt;    &lt;/tr&gt;    &lt;tr&gt;    &lt;td&gt;    &lt;table style=""font-family:Arial,Verdana,Times;font-size:12px;text-align:left;width:100%;border-spacing:0px; padding:3px 3px 3px 3px""&gt;    &lt;tr&gt;    &lt;td&gt;FID&lt;/td&gt;    &lt;td&gt;40&lt;/td&gt;    &lt;/tr&gt;    &lt;tr bgcolor=""#D4E4F3""&gt;    &lt;td&gt;CID&lt;/td&gt;    &lt;td&gt;17438&lt;/td&gt;    &lt;/tr&gt;    &lt;/table&gt;    &lt;/td&gt;    &lt;/tr&gt;    &lt;/table&gt;    &lt;/body&gt;&lt;script type=""text/javascript""&gt;    				function changeImage(attElement, nameElement) {    				document.getElementById('imageAttachment').src = attElement;    				document.getElementById('imageName').innerHTML = nameElement;}    			&lt;/script&gt;&lt;/html&gt;",1
-165.425833412,66.2636268423057,17911,-1,0,17911,Temporary Places/Tundra_50random_500m_nonThkst.kmz/Tundra_50random_500m,0,-1,17911,192,"&lt;html xmlns:fo=""http://www.w3.org/1999/XSL/Format"" xmlns:msxsl=""urn:schemas-microsoft-com:xslt""&gt;    &lt;head&gt;    &lt;META http-equiv=""Content-Type"" content=""text/html""&gt;    &lt;meta http-equiv=""content-type"" content=""text/html; charset=UTF-8""&gt;    &lt;/head&gt;    &lt;body style=""margin:0px 0px 0px 0px;overflow:auto;background:#FFFFFF;""&gt;    &lt;table style=""font-family:Arial,Verdana,Times;font-size:12px;text-align:left;width:100%;border-collapse:collapse;padding:3px 3px 3px 3px""&gt;    &lt;tr style=""text-align:center;font-weight:bold;background:#9CBCE2""&gt;    &lt;td&gt;17911&lt;/td&gt;    &lt;/tr&gt;    &lt;tr&gt;    &lt;td&gt;    &lt;table style=""font-family:Arial,Verdana,Times;font-size:12px;text-align:left;width:100%;border-spacing:0px; padding:3px 3px 3px 3px""&gt;    &lt;tr&gt;    &lt;td&gt;FID&lt;/td&gt;    &lt;td&gt;41&lt;/td&gt;    &lt;/tr&gt;    &lt;tr bgcolor=""#D4E4F3""&gt;    &lt;td&gt;CID&lt;/td&gt;    &lt;td&gt;17911&lt;/td&gt;    &lt;/tr&gt;    &lt;/table&gt;    &lt;/td&gt;    &lt;/tr&gt;    &lt;/table&gt;    &lt;/body&gt;&lt;script type=""text/javascript""&gt;    				function changeImage(attElement, nameElement) {    				document.getElementById('imageAttachment').src = attElement;    				document.getElementById('imageName').innerHTML = nameElement;}    			&lt;/script&gt;&lt;/html&gt;",1
-165.458948846,66.183667482304,17999,-1,0,17999,Temporary Places/Tundra_50random_500m_nonThkst.kmz/Tundra_50random_500m,0,-1,17999,193,"&lt;html xmlns:fo=""http://www.w3.org/1999/XSL/Format"" xmlns:msxsl=""urn:schemas-microsoft-com:xslt""&gt;    &lt;head&gt;    &lt;META http-equiv=""Content-Type"" content=""text/html""&gt;    &lt;meta http-equiv=""content-type"" content=""text/html; charset=UTF-8""&gt;    &lt;/head&gt;    &lt;body style=""margin:0px 0px 0px 0px;overflow:auto;background:#FFFFFF;""&gt;    &lt;table style=""font-family:Arial,Verdana,Times;font-size:12px;text-align:left;width:100%;border-collapse:collapse;padding:3px 3px 3px 3px""&gt;    &lt;tr style=""text-align:center;font-weight:bold;background:#9CBCE2""&gt;    &lt;td&gt;17999&lt;/td&gt;    &lt;/tr&gt;    &lt;tr&gt;    &lt;td&gt;    &lt;table style=""font-family:Arial,Verdana,Times;font-size:12px;text-align:left;width:100%;border-spacing:0px; padding:3px 3px 3px 3px""&gt;    &lt;tr&gt;    &lt;td&gt;FID&lt;/td&gt;    &lt;td&gt;42&lt;/td&gt;    &lt;/tr&gt;    &lt;tr bgcolor=""#D4E4F3""&gt;    &lt;td&gt;CID&lt;/td&gt;    &lt;td&gt;17999&lt;/td&gt;    &lt;/tr&gt;    &lt;/table&gt;    &lt;/td&gt;    &lt;/tr&gt;    &lt;/table&gt;    &lt;/body&gt;&lt;script type=""text/javascript""&gt;    				function changeImage(attElement, nameElement) {    				document.getElementById('imageAttachment').src = attElement;    				document.getElementById('imageName').innerHTML = nameElement;}    			&lt;/script&gt;&lt;/html&gt;",1
-165.558416049,66.1929172643042,18332,-1,0,18332,Temporary Places/Tundra_50random_500m_nonThkst.kmz/Tundra_50random_500m,0,-1,18332,194,"&lt;html xmlns:fo=""http://www.w3.org/1999/XSL/Format"" xmlns:msxsl=""urn:schemas-microsoft-com:xslt""&gt;    &lt;head&gt;    &lt;META http-equiv=""Content-Type"" content=""text/html""&gt;    &lt;meta http-equiv=""content-type"" content=""text/html; charset=UTF-8""&gt;    &lt;/head&gt;    &lt;body style=""margin:0px 0px 0px 0px;overflow:auto;background:#FFFFFF;""&gt;    &lt;table style=""font-family:Arial,Verdana,Times;font-size:12px;text-align:left;width:100%;border-collapse:collapse;padding:3px 3px 3px 3px""&gt;    &lt;tr style=""text-align:center;font-weight:bold;background:#9CBCE2""&gt;    &lt;td&gt;18332&lt;/td&gt;    &lt;/tr&gt;    &lt;tr&gt;    &lt;td&gt;    &lt;table style=""font-family:Arial,Verdana,Times;font-size:12px;text-align:left;width:100%;border-spacing:0px; padding:3px 3px 3px 3px""&gt;    &lt;tr&gt;    &lt;td&gt;FID&lt;/td&gt;    &lt;td&gt;43&lt;/td&gt;    &lt;/tr&gt;    &lt;tr bgcolor=""#D4E4F3""&gt;    &lt;td&gt;CID&lt;/td&gt;    &lt;td&gt;18332&lt;/td&gt;    &lt;/tr&gt;    &lt;/table&gt;    &lt;/td&gt;    &lt;/tr&gt;    &lt;/table&gt;    &lt;/body&gt;&lt;script type=""text/javascript""&gt;    				function changeImage(attElement, nameElement) {    				document.getElementById('imageAttachment').src = attElement;    				document.getElementById('imageName').innerHTML = nameElement;}    			&lt;/script&gt;&lt;/html&gt;",1
-165.768839957,66.2220962303048,18380,-1,0,18380,Temporary Places/Tundra_50random_500m_nonThkst.kmz/Tundra_50random_500m,0,-1,18380,195,"&lt;html xmlns:fo=""http://www.w3.org/1999/XSL/Format"" xmlns:msxsl=""urn:schemas-microsoft-com:xslt""&gt;    &lt;head&gt;    &lt;META http-equiv=""Content-Type"" content=""text/html""&gt;    &lt;meta http-equiv=""content-type"" content=""text/html; charset=UTF-8""&gt;    &lt;/head&gt;    &lt;body style=""margin:0px 0px 0px 0px;overflow:auto;background:#FFFFFF;""&gt;    &lt;table style=""font-family:Arial,Verdana,Times;font-size:12px;text-align:left;width:100%;border-collapse:collapse;padding:3px 3px 3px 3px""&gt;    &lt;tr style=""text-align:center;font-weight:bold;background:#9CBCE2""&gt;    &lt;td&gt;18380&lt;/td&gt;    &lt;/tr&gt;    &lt;tr&gt;    &lt;td&gt;    &lt;table style=""font-family:Arial,Verdana,Times;font-size:12px;text-align:left;width:100%;border-spacing:0px; padding:3px 3px 3px 3px""&gt;    &lt;tr&gt;    &lt;td&gt;FID&lt;/td&gt;    &lt;td&gt;44&lt;/td&gt;    &lt;/tr&gt;    &lt;tr bgcolor=""#D4E4F3""&gt;    &lt;td&gt;CID&lt;/td&gt;    &lt;td&gt;18380&lt;/td&gt;    &lt;/tr&gt;    &lt;/table&gt;    &lt;/td&gt;    &lt;/tr&gt;    &lt;/table&gt;    &lt;/body&gt;&lt;script type=""text/javascript""&gt;    				function changeImage(attElement, nameElement) {    				document.getElementById('imageAttachment').src = attElement;    				document.getElementById('imageName').innerHTML = nameElement;}    			&lt;/script&gt;&lt;/html&gt;",1
-166.808589368,65.8660754892969,19929,-1,0,19929,Temporary Places/Tundra_50random_500m_nonThkst.kmz/Tundra_50random_500m,0,-1,19929,196,"&lt;html xmlns:fo=""http://www.w3.org/1999/XSL/Format"" xmlns:msxsl=""urn:schemas-microsoft-com:xslt""&gt;    &lt;head&gt;    &lt;META http-equiv=""Content-Type"" content=""text/html""&gt;    &lt;meta http-equiv=""content-type"" content=""text/html; charset=UTF-8""&gt;    &lt;/head&gt;    &lt;body style=""margin:0px 0px 0px 0px;overflow:auto;background:#FFFFFF;""&gt;    &lt;table style=""font-family:Arial,Verdana,Times;font-size:12px;text-align:left;width:100%;border-collapse:collapse;padding:3px 3px 3px 3px""&gt;    &lt;tr style=""text-align:center;font-weight:bold;background:#9CBCE2""&gt;    &lt;td&gt;19929&lt;/td&gt;    &lt;/tr&gt;    &lt;tr&gt;    &lt;td&gt;    &lt;table style=""font-family:Arial,Verdana,Times;font-size:12px;text-align:left;width:100%;border-spacing:0px; padding:3px 3px 3px 3px""&gt;    &lt;tr&gt;    &lt;td&gt;FID&lt;/td&gt;    &lt;td&gt;45&lt;/td&gt;    &lt;/tr&gt;    &lt;tr bgcolor=""#D4E4F3""&gt;    &lt;td&gt;CID&lt;/td&gt;    &lt;td&gt;19929&lt;/td&gt;    &lt;/tr&gt;    &lt;/table&gt;    &lt;/td&gt;    &lt;/tr&gt;    &lt;/table&gt;    &lt;/body&gt;&lt;script type=""text/javascript""&gt;    				function changeImage(attElement, nameElement) {    				document.getElementById('imageAttachment').src = attElement;    				document.getElementById('imageName').innerHTML = nameElement;}    			&lt;/script&gt;&lt;/html&gt;",1
-166.940553623,65.7915472812953,20049,-1,0,20049,Temporary Places/Tundra_50random_500m_nonThkst.kmz/Tundra_50random_500m,0,-1,20049,197,"&lt;html xmlns:fo=""http://www.w3.org/1999/XSL/Format"" xmlns:msxsl=""urn:schemas-microsoft-com:xslt""&gt;    &lt;head&gt;    &lt;META http-equiv=""Content-Type"" content=""text/html""&gt;    &lt;meta http-equiv=""content-type"" content=""text/html; charset=UTF-8""&gt;    &lt;/head&gt;    &lt;body style=""margin:0px 0px 0px 0px;overflow:auto;background:#FFFFFF;""&gt;    &lt;table style=""font-family:Arial,Verdana,Times;font-size:12px;text-align:left;width:100%;border-collapse:collapse;padding:3px 3px 3px 3px""&gt;    &lt;tr style=""text-align:center;font-weight:bold;background:#9CBCE2""&gt;    &lt;td&gt;20049&lt;/td&gt;    &lt;/tr&gt;    &lt;tr&gt;    &lt;td&gt;    &lt;table style=""font-family:Arial,Verdana,Times;font-size:12px;text-align:left;width:100%;border-spacing:0px; padding:3px 3px 3px 3px""&gt;    &lt;tr&gt;    &lt;td&gt;FID&lt;/td&gt;    &lt;td&gt;46&lt;/td&gt;    &lt;/tr&gt;    &lt;tr bgcolor=""#D4E4F3""&gt;    &lt;td&gt;CID&lt;/td&gt;    &lt;td&gt;20049&lt;/td&gt;    &lt;/tr&gt;    &lt;/table&gt;    &lt;/td&gt;    &lt;/tr&gt;    &lt;/table&gt;    &lt;/body&gt;&lt;script type=""text/javascript""&gt;    				function changeImage(attElement, nameElement) {    				document.getElementById('imageAttachment').src = attElement;    				document.getElementById('imageName').innerHTML = nameElement;}    			&lt;/script&gt;&lt;/html&gt;",1
-167.5265178,65.821664010296,20487,-1,0,20487,Temporary Places/Tundra_50random_500m_nonThkst.kmz/Tundra_50random_500m,0,-1,20487,198,"&lt;html xmlns:fo=""http://www.w3.org/1999/XSL/Format"" xmlns:msxsl=""urn:schemas-microsoft-com:xslt""&gt;    &lt;head&gt;    &lt;META http-equiv=""Content-Type"" content=""text/html""&gt;    &lt;meta http-equiv=""content-type"" content=""text/html; charset=UTF-8""&gt;    &lt;/head&gt;    &lt;body style=""margin:0px 0px 0px 0px;overflow:auto;background:#FFFFFF;""&gt;    &lt;table style=""font-family:Arial,Verdana,Times;font-size:12px;text-align:left;width:100%;border-collapse:collapse;padding:3px 3px 3px 3px""&gt;    &lt;tr style=""text-align:center;font-weight:bold;background:#9CBCE2""&gt;    &lt;td&gt;20487&lt;/td&gt;    &lt;/tr&gt;    &lt;tr&gt;    &lt;td&gt;    &lt;table style=""font-family:Arial,Verdana,Times;font-size:12px;text-align:left;width:100%;border-spacing:0px; padding:3px 3px 3px 3px""&gt;    &lt;tr&gt;    &lt;td&gt;FID&lt;/td&gt;    &lt;td&gt;47&lt;/td&gt;    &lt;/tr&gt;    &lt;tr bgcolor=""#D4E4F3""&gt;    &lt;td&gt;CID&lt;/td&gt;    &lt;td&gt;20487&lt;/td&gt;    &lt;/tr&gt;    &lt;/table&gt;    &lt;/td&gt;    &lt;/tr&gt;    &lt;/table&gt;    &lt;/body&gt;&lt;script type=""text/javascript""&gt;    				function changeImage(attElement, nameElement) {    				document.getElementById('imageAttachment').src = attElement;    				document.getElementById('imageName').innerHTML = nameElement;}    			&lt;/script&gt;&lt;/html&gt;",1
-165.757136374,66.0033446112999,20742,-1,0,20742,Temporary Places/Tundra_50random_500m_nonThkst.kmz/Tundra_50random_500m,0,-1,20742,199,"&lt;html xmlns:fo=""http://www.w3.org/1999/XSL/Format"" xmlns:msxsl=""urn:schemas-microsoft-com:xslt""&gt;    &lt;head&gt;    &lt;META http-equiv=""Content-Type"" content=""text/html""&gt;    &lt;meta http-equiv=""content-type"" content=""text/html; charset=UTF-8""&gt;    &lt;/head&gt;    &lt;body style=""margin:0px 0px 0px 0px;overflow:auto;background:#FFFFFF;""&gt;    &lt;table style=""font-family:Arial,Verdana,Times;font-size:12px;text-align:left;width:100%;border-collapse:collapse;padding:3px 3px 3px 3px""&gt;    &lt;tr style=""text-align:center;font-weight:bold;background:#9CBCE2""&gt;    &lt;td&gt;20742&lt;/td&gt;    &lt;/tr&gt;    &lt;tr&gt;    &lt;td&gt;    &lt;table style=""font-family:Arial,Verdana,Times;font-size:12px;text-align:left;width:100%;border-spacing:0px; padding:3px 3px 3px 3px""&gt;    &lt;tr&gt;    &lt;td&gt;FID&lt;/td&gt;    &lt;td&gt;48&lt;/td&gt;    &lt;/tr&gt;    &lt;tr bgcolor=""#D4E4F3""&gt;    &lt;td&gt;CID&lt;/td&gt;    &lt;td&gt;20742&lt;/td&gt;    &lt;/tr&gt;    &lt;/table&gt;    &lt;/td&gt;    &lt;/tr&gt;    &lt;/table&gt;    &lt;/body&gt;&lt;script type=""text/javascript""&gt;    				function changeImage(attElement, nameElement) {    				document.getElementById('imageAttachment').src = attElement;    				document.getElementById('imageName').innerHTML = nameElement;}    			&lt;/script&gt;&lt;/html&gt;",1
-165.360843954,65.915651051298,20983,-1,0,20983,Temporary Places/Tundra_50random_500m_nonThkst.kmz/Tundra_50random_500m,0,-1,20983,200,"&lt;html xmlns:fo=""http://www.w3.org/1999/XSL/Format"" xmlns:msxsl=""urn:schemas-microsoft-com:xslt""&gt;    &lt;head&gt;    &lt;META http-equiv=""Content-Type"" content=""text/html""&gt;    &lt;meta http-equiv=""content-type"" content=""text/html; charset=UTF-8""&gt;    &lt;/head&gt;    &lt;body style=""margin:0px 0px 0px 0px;overflow:auto;background:#FFFFFF;""&gt;    &lt;table style=""font-family:Arial,Verdana,Times;font-size:12px;text-align:left;width:100%;border-collapse:collapse;padding:3px 3px 3px 3px""&gt;    &lt;tr style=""text-align:center;font-weight:bold;background:#9CBCE2""&gt;    &lt;td&gt;20983&lt;/td&gt;    &lt;/tr&gt;    &lt;tr&gt;    &lt;td&gt;    &lt;table style=""font-family:Arial,Verdana,Times;font-size:12px;text-align:left;width:100%;border-spacing:0px; padding:3px 3px 3px 3px""&gt;    &lt;tr&gt;    &lt;td&gt;FID&lt;/td&gt;    &lt;td&gt;49&lt;/td&gt;    &lt;/tr&gt;    &lt;tr bgcolor=""#D4E4F3""&gt;    &lt;td&gt;CID&lt;/td&gt;    &lt;td&gt;20983&lt;/td&gt;    &lt;/tr&gt;    &lt;/table&gt;    &lt;/td&gt;    &lt;/tr&gt;    &lt;/table&gt;    &lt;/body&gt;&lt;script type=""text/javascript""&gt;    				function changeImage(attElement, nameElement) {    				document.getElementById('imageAttachment').src = attElement;    				document.getElementById('imageName').innerHTML = nameElement;}    			&lt;/script&gt;&lt;/html&gt;",1
